timestamp,classification,matched_pattern,confidence,redacted_excerpt
2026-03-14T13:17:29Z,rate_limit,rate limit,1.00,"Gemini hit a rate limit — I'll run the research myself instead. Meanwhile, still waiting on your answer about the racing page clippings — is that the full archive or will more come?"
2026-03-14T13:19:32Z,temporary_capacity,capacity,0.40,"(The Gemini research agent hit capacity limits again — I'll do the data source research directly when we need it.)

Waiting on your thoughts on the architecture overview above — does that structur…"
2026-03-14T13:21:27Z,temporary_capacity,capacity,0.40,"(Research agent keeps hitting Gemini capacity limits — I'll handle data source research directly when we get to implementation.)

Waiting on your thoughts on Section 3 — does the data sourcing and…"
2026-03-14T13:23:30Z,temporary_capacity,capacity,0.40,"(Research agent failing repeatedly — Gemini has no capacity today. Not a problem, I'll research directly when we implement.)

Waiting on your thoughts on the RAG layer design."
2026-03-14T13:34:43Z,temporary_capacity,capacity,0.40,"(All Gemini research agents failed — capacity exhausted today. Data source research will happen during implementation.)

Ready to move to implementation planning when you've reviewed the spec. Want …"
2026-03-14T14:08:14Z,rate_limit,rate limit,1.00,"Excellent results. Here's the concrete picture:

## How to get HKJC data

**Everything is server-rendered HTML — no JSON API.** We scrape HTML tables. No auth required, no robots.txt found, no CAPTC…"
2026-03-14T20:04:00Z,rate_limit,rate limit,1.00,"Here's the full picture:

**12 commits, 37 source files (Go + Python), 5 test suites all passing.**

**What's built and working:**

| Component | Status | Details |
|-----------|--------|---------|
| …"
2026-03-17T11:22:34Z,rate_limit,rate limit,1.00,"Hmm, 24 docs in ~90s. The sequential run was doing ~38 docs/min. This is about the same — the bottleneck might be API rate limits rather than local concurrency. Let me check after a few more minutes…"
2026-03-17T11:24:45Z,rate_limit,rate limit,1.00,~49 docs in ~4 minutes ≈ 12 docs/min. Actually slower than the sequential run (38 docs/min). The concurrent workers are likely hitting API rate limits — both OpenAI and Voyage throttle concurrent …
2026-03-17T11:28:51Z,rate_limit,rate limit,1.00,"Key findings:

- **OpenAI**: 500 RPM at Tiers 1-4, ~8 req/sec max
- **Voyage**: 2,000 RPM, ~33 req/sec — much more permissive
- **Bottleneck is OpenAI** at 500 RPM

With the current approach (1 API …"
2026-03-17T11:31:25Z,rate_limit,rate limit,1.00,12 docs in 2 minutes = 6 docs/min. That's slower than the sequential run was doing (38 docs/min). Let me check if there are errors or rate limit retries in the output:
2026-03-17T11:34:47Z,rate_limit,rate limit,1.00,"52 docs / 88 sections in ~5 minutes = ~10 docs/min, ~18 sections/min. With 3 embeddings per section, that's ~54 API calls/min — well within rate limits.

Compared to the first sequential run (38 doc…"
2026-03-17T11:39:08Z,rate_limit,rate limit,1.00,"Here's what I found. The infrastructure for batch embedding already exists:

1. **OpenAI `GetEmbedding`** already sends `Input: []string{text}` — it's a batch API call but with only 1 text. OpenAI s…"
2026-03-19T07:39:39Z,rate_limit,rate limit,1.00,"5 summaries in ~7 minutes total (including clustering time). So roughly 1 summary per minute with 4 workers. At 1,206 clusters, the L1 summaries alone will take ~20 hours. The multi-model embedding ca…"
2026-03-19T08:35:52Z,rate_limit,rate limit,1.00,"Both running in parallel — FinQA (`b1eq73j4u`) and LegalBench (`btfr9cdqe`), each with 8 workers. Combined that's 16 concurrent LLM calls which is within the rate limits (we're at ~96% TPM capacity …"
2026-03-19T10:44:11Z,rate_limit,rate limit,1.00,"Three things that would make a big difference:

**1. Use local Qwen for summarisation (biggest win)**

Your Mac Mini has LM Studio running Qwen 2.5 7B on port 1234. RAPTOR summaries are straightforwar…"
2026-03-20T09:57:59Z,rate_limit,rate limit,1.00,Running with gpt-4o-mini and 8 workers (within rate limits). Compression tiers will keep it under context limits. I'll let you know when it completes.
2026-03-22T08:14:38Z,rate_limit,rate limit,1.00,Hitting rate limits on the RAG API (429). It's still progressing though — at 30/50 on one of the modes. The benchmark is running through multiple embedding models (openai + voyage) and evaluation mo…
2026-03-22T08:25:00Z,rate_limit,rate limit,1.00,"**First benchmark results for NarrativeQA.** Here's what we're seeing:

| Mode | Model | Eval | F1 | Rouge-L | Contains | Tokens | Latency | N |
|------|-------|------|---:|--------:|---------:|------…"
2026-03-22T08:35:17Z,rate_limit,rate limit,1.00,"Running — **run_id 21**, 1,500 QA pairs, started on `full_text / openai / full_rag`. With retry logic on 429s now.

At ~2s per query × 1,500 pairs × 12 evaluation modes (2 text × 3 embedding × 2…"
2026-03-22T08:49:20Z,quota_limit,quota exceeded,1.00,"It worked with Claude only (OpenAI key is an unexpanded env var, Gemini quota exceeded). Two issues to fix:

1. **OpenAI**: The `${OPENAI_API_KEY}` env var isn't being expanded — the `ExpandEnvVars`…"
2026-03-22T09:05:24Z,rate_limit,rate limit,1.00,"**1,090/1,500** on the first evaluation mode (`full_text / openai / full_rag`). ~73% through the first of ~12 modes. No rate limit retries visible in the log — the retry logic is handling them clean…"
2026-03-22T09:08:54Z,quota_limit,quota exceeded,1.00,"Now we have **two-way consensus** — OpenAI and Claude both agree on all structured fields (2/2). Gemini gracefully degraded. 

- birth_date: 1952-03-11 (2/2 agree)
- death_date: 2001-05-11 (2/2 agre…"
2026-03-22T10:16:54Z,rate_limit,rate limit,1.00,"All 4 running. Rate limits are being hit (4 parallel benchmarks hammering the API) but the retry logic is handling them — backing off and retrying automatically.

When you're back this afternoon, ru…"
2026-03-22T15:40:20Z,rate_limit,rate limit,1.00,"14,928 rate limit retries — that's a lot. The 4 parallel benchmarks are overwhelming the RAG API. Let me check actual progress:"
2026-03-22T15:40:36Z,rate_limit,rate limit,1.00,"All 4 are progressing in parallel despite the rate limits:

| Run | Dataset | Progress | Mode |
|----:|---------|----------|------|
| 23 | NarrativeQA (1,500) | 450/1500 | ~mode 4-5 of 12 |
| 25 | Fin…"
2026-03-22T16:55:42Z,rate_limit,rate limit,1.00,"Now I need to:
1. Add rate limiting to the benchmark runner
2. Build a Linux ARM64 binary
3. Create a Dockerfile and add to docker-compose
4. Add the harness DB to the existing postgres container

Let…"
2026-03-22T16:56:02Z,rate_limit,rate limit,1.00,Now add the rate limiter to `queryRAG`:
2026-03-22T16:56:27Z,rate_limit,rate limit,1.00,Now update the benchmark runner creation to use the rate limit:
2026-03-22T16:58:53Z,rate_limit,rate limit,1.00,Running on the Mac Mini with 5 qps rate limit. Now start all 4 benchmarks:
2026-03-22T16:59:15Z,rate_limit,rate limit,1.00,"All 4 running on the Mac Mini now — zero network hops between harness and RAG API (both in Docker, same network). Rate limited to 5 qps to avoid overwhelming the API.

| Run | Dataset | QA Pairs |
|…"
2026-03-22T17:19:10Z,rate_limit,rate limit,1.00,"Still hitting rate limits even at 5 qps — 4 parallel runners × 5 qps = 20 qps total hitting the API. The rate limiter is per-runner, not global. But the retries are working (attempt 1-2, backing of…"
2026-03-22T18:08:43Z,rate_limit,rate limit,1.00,"All 4 running in parallel:

| Run | Dataset | Progress | Mode | Est % |
|----:|---------|----------|------|------:|
| 31 | NarrativeQA (1,500) | 20/1,500 | mode 2: retrieval_only | ~8% |
| 33 | FinQA …"
2026-03-22T21:36:42Z,rate_limit,rate limit,1.00,"All 4 are progressing through the evaluation matrix:

| Run | Dataset | Current Mode | Progress |
|----:|---------|-------------|----------|
| 31 | NarrativeQA (1,500) | full_text / voyage-3 / full_ra…"
2026-03-23T06:29:33Z,rate_limit,rate limit,1.00,"Wave 3 has problems. Many experts have sections but **0 embeddings, 0 entities, 0 mentions**. And some expected experts are missing (Nelson Mandela, Oppenheimer). The embedding phase is failing — li…"
2026-03-23T08:57:55Z,rate_limit,rate limit,1.00,"| Workstream | Status |
|-----------|--------|
| **RAPTOR** | 16/52 — on Moby Dick, small experts done (0-6 nodes each) |
| **Wave 4 ingest** | 3/13 — carwow embedding in progress (3,656 sections)…"
2026-03-23T09:43:39Z,temporary_capacity,capacity,0.40,"This is a goldmine for combining with Quadra. Here's what I see:

## The Opportunity: Predictive Planning Intelligence

InsightOne already has the **operational data** (what happened). Quadra has the …"
2026-03-23T12:38:08Z,temporary_capacity,overloaded,0.60,"Here's my proposal. The Durham application is ideal — 43 detailed objections about a 34-home development on countryside land.

## The Core Innovation: Data-Validated Concerns

The product's differen…"
2026-03-23T13:15:34Z,temporary_capacity,overloaded,0.60,"

Yes — that's the whole point. Right now we show ""this is what the area looks like today."" But the real question is **""what will it look like AFTER 34 homes are built?""**

The before/after should s…"
2026-03-23T13:31:43Z,temporary_capacity,overloaded,0.60,"The problem is the `direction` field is overloaded with two different meanings:

1. For **validation**: ""high value supports the concern"" (flood risk high = bad, greenspace high = ecologically valuabl…"
2026-03-23T13:46:26Z,rate_limit,rate limit,1.00,"

That's a question with several dimensions. Let me think through it honestly based on what I know about the codebase, the architecture, and what ""practical completion"" means in different scenarios.

…"
2026-03-24T07:54:03Z,temporary_capacity,capacity,0.40,"

You're right — ""+21 school places"" reads as positive (more places!) when it actually means 21 MORE children needing places that don't exist. The number itself is neutral — it's the **impact on e…"
2026-03-24T08:19:47Z,temporary_capacity,capacity,0.40,"Refresh. Two changes:

1. **Similar areas** — now a responsive grid (6 cards across on desktop, 3 on tablet, 2 on mobile). No scrolling. All visible at once, with ""This Area"" first in indigo.

2. **…"
2026-03-24T12:29:29Z,temporary_capacity,capacity,0.40,"A single model trained across all councils, with council identity as a feature — not separate models per council. Here's why.

**What's universal across all councils:**
- NPPF is national law — fl…"
2026-03-24T18:00:19Z,temporary_capacity,capacity,0.40,"

All four reviews complete. Here's the consolidated report.

---

## Coverage Summary

**57/68 items fully implemented (84%). 6 items exceed the plan. 5 partial. 5 missing.**

---

## Plan Compliance…"
2026-03-24T18:24:55Z,temporary_capacity,capacity,0.40,"**12 commits** for the search engine implementation, all building clean. The final fix commit addressed all 17 review findings:

| Category | Items Fixed |
|----------|------------|
| Critical | Conve…"
2026-03-26T13:19:57Z,temporary_capacity,capacity,0.40,"Now these are **empirically grounded predictions.** The story they tell:

**Improvements (correlates with development):**
- Public Transport: 8% → 17% (+9) — areas that get developed tend to have/…"
2026-03-27T10:43:03Z,rate_limit,rate limit,1.00,"## The Traitors — AI Social Deduction Game Simulation

**Principal Architect & Sole Developer** | SedaSoft Ltd. | 2025–2026

Designed and built a production-deployed AI game simulation that recrea…"
2026-03-28T06:29:08Z,temporary_capacity,capacity,0.40,"

Based on what we've built, here are the concrete improvements ranked by impact:

**1. Proposal text features (highest impact, we have the data)**

We're not using the actual proposal text at all. Th…"
2026-03-28T06:29:12Z,rate_limit,rate limit,1.00,API Error: Rate limit reached
2026-03-28T06:32:17Z,rate_limit,rate limit,1.00,Rate limited. Let me retry in a moment:
2026-03-28T06:33:24Z,temporary_capacity,overloaded,0.60,"Good — I now have the full picture. This is a large scope covering 6 independent improvement areas. Given the scale, I should present the design as one comprehensive spec but with clear phase bounda…"
2026-03-28T17:07:08Z,rate_limit,rate limit,1.00,API Error: Rate limit reached
2026-03-28T17:07:37Z,rate_limit,rate limit,1.00,API Error: Rate limit reached
2026-03-28T17:07:41Z,rate_limit,rate limit,1.00,API Error: Rate limit reached
2026-03-28T22:41:00Z,rate_limit,rate limit,1.00,API Error: Rate limit reached
2026-03-28T22:45:50Z,rate_limit,rate limit,1.00,API Error: Rate limit reached
2026-03-29T04:57:38Z,rate_limit,rate limit,1.00,API Error: Rate limit reached
2026-03-29T04:57:39Z,rate_limit,rate limit,1.00,API Error: Rate limit reached
2026-03-29T04:57:44Z,rate_limit,rate limit,1.00,API Error: Rate limit reached
2026-03-29T12:45:25Z,rate_limit,rate limit,1.00,API Error: Rate limit reached
2026-03-30T10:13:26Z,rate_limit,rate limit,1.00,"Now I have the complete picture. The IDOX portal structure is:

- **10 comments per page**, paginated with `neighbourCommentsPager.page=N`
- **129 public comments** for DM/26/00565/FPA
- Comments show…"
2026-03-30T10:16:09Z,rate_limit,rate limit,1.00,It's working — scraped 118 comments across 11 pages before hitting a 429 (rate limit) on page 12. The 3-second delay isn't enough for Durham's portal. I need to increase the delay and add retry logi…
2026-03-30T10:19:29Z,rate_limit,rate limit,1.00,**Scraping complete — 137 public comments + 10 consultee comments scraped from Durham's portal in ~2 minutes.** The rate limiter kicked in once on page 12 but the retry logic handled it gracefully (…
2026-03-30T10:35:44Z,temporary_capacity,capacity,0.40,"Both — composite from existing signals plus new wellbeing survey data. Got it.

Next question: For the **traffic split into Highways and Traffic Flow** — I want to make sure I understand the disti…"
2026-03-30T10:39:33Z,temporary_capacity,capacity,0.40,"Good choice. Last question before I design this:

For the **Highways** metric (road infrastructure quality) — do you have a specific data source in mind, or should I research what's available from o…"
2026-03-30T10:45:52Z,temporary_capacity,capacity,0.40,"Here's the design, section by section.

---

### Section 1: New PSV Elements

**[29] traffic_flow** (replaces `transport_accessibility`)
- Sources: DfT journey time statistics (`jts_employment_min`, a…"
2026-03-31T13:18:39Z,temporary_capacity,capacity,0.40,"Good question. There are several open data sources that would let you model housing type and its downstream impact on council services.

**Housing type/tenure classification:**

| Source | What it tel…"
2026-03-31T13:27:01Z,temporary_capacity,capacity,0.40,"I've launched a research agent to do a thorough analysis of smart city metric frameworks (ISO 37122, UN SDG 11, EU Smart City Index) and map them to available UK open data. That'll take a few minutes.…"
2026-03-31T13:36:34Z,temporary_capacity,capacity,0.40,"Spec written. Now let me address your questions about S106/CIL and council service impact by housing band.

You're absolutely right on both counts — these are powerful differentiators for Quadra.

#…"
2026-03-31T13:37:20Z,temporary_capacity,capacity,0.40,"This is where Quadra becomes genuinely valuable to councils — not just planning decisions but strategic fiscal intelligence. Here's what you can derive by aggregating across all applications:

### F…"
2026-03-31T13:40:19Z,temporary_capacity,capacity,0.40,"Exactly. Legislative and regulatory hard limits that no amount of good design can override. These are binary — either you comply or the application cannot be approved.

**Statutory requirements that…"
2026-03-31T14:33:56Z,temporary_capacity,capacity,0.40,"Starting with Phase A1. Phases A1–A9 are all independent download/parse tasks. I'll dispatch A1, A2, and A3 as the first batch — these are the most critical (Census, Council Finance, Health/Educat…"
2026-03-31T14:43:17Z,temporary_capacity,capacity,0.40,"Three phases running in parallel:
- **Phase A2** (Council finance) — downloading DLUHC revenue/CTB/NHB data
- **Phase A3** (Education & health) — school capacity, GP workforce, health outcomes
- *…"
2026-03-31T14:48:57Z,temporary_capacity,capacity,0.40,"

Phase A3 complete. School capacity has good variation (mean 0.87, meaning schools at 87% capacity on average). GP capacity is using national average fallback — acceptable for now. Health outcomes …"
2026-03-31T14:51:56Z,temporary_capacity,capacity,0.40,"**Current status — 8 phases in flight:**

| Phase | Status | What |
|-------|--------|------|
| A1 | **Done** | Census 2021 (tenure, age, ethnicity, commute, pop change) — 5 parquets |
| A2 | Runn…"
2026-03-31T14:52:30Z,temporary_capacity,capacity,0.40,"**Progress update — 4 of 9 download phases complete:**

| Phase | Status | Parquets produced |
|-------|--------|-------------------|
| A1 Census | **Done** | 5 (tenure, age, ethnicity, commute, pop…"
2026-03-31T15:02:21Z,temporary_capacity,capacity,0.40,"

Phase A9 complete. Waste recycling (median 43.7%), renewable energy (2,883 cells with nearby capacity), vacant dwellings all generated."
2026-03-31T15:08:03Z,temporary_capacity,capacity,0.40,"**All 9 download/parse phases complete!** Here's the full inventory:

| Phase | Parquets | Key metrics |
|-------|----------|-------------|
| A1 Census | 5 | tenure, age dependency, ethnicity, commute…"
2026-03-31T15:20:05Z,temporary_capacity,capacity,0.40,"Already committed by the subagent. 

**Sub-project A is fully complete!** All 10 phases done:

| Phase | Elements added | Status |
|-------|---------------|--------|
| A1 Census | 6 (tenure, age, ethn…"
2026-03-31T18:57:52Z,hard_limit,usage limit,1.00,"Good. I now have a clear picture. Here's my plan:

---

## What I understand

You want me to do **4 things in total**:

1. **Complete Sub-projects B, C, D** (S106/CIL, Red Flag, Carbon engines) — th…"
2026-03-31T21:23:52Z,temporary_capacity,capacity,0.40,"Everything is done except Sub-project E. Here's where we stand:

**Completed today:**

| Component | What was built |
|-----------|---------------|
| **PSV v4** | 48→77 columns, 55 active elements a…"
2026-04-01T07:52:26Z,temporary_capacity,capacity,0.40,"

E4 (Council dashboard) complete. New page at `http://localhost:8080/council-dashboard.html` with fiscal summary, infrastructure capacity, environment, social/digital, and planning pipeline cards. Na…"
2026-04-01T09:04:36Z,temporary_capacity,capacity,0.40,"Now the numbers are realistic:

- Band D tax: **£1,799** (national average is ~£1,900)
- Service cost: **£4,004/household** 
- Net fiscal impact: **-£1,495** (councils spend more than they collect…"
2026-04-01T09:34:05Z,temporary_capacity,capacity,0.40,"There it is — `v * 100`. The API now returns real values (e.g. 82.95 for school capacity), but the JS still multiplies by 100 thinking they're 0-1 fractions. Also GP pressure (1700 patients/GP) isn'…"
2026-04-01T09:34:11Z,temporary_capacity,capacity,0.40,"Now fix GP capacity — it should show as ""1,700 patients/GP"" not a percentage:"
2026-04-01T09:34:31Z,temporary_capacity,capacity,0.40,"Refresh the page. You should now see:
- School Capacity: **83.0%** (not 8295%)
- GP Capacity: **1,700 pts/GP** (not 170000%)
- Water Quality: **15.0%**
- Recycling: **40.1%**
- Fuel Poverty: **15.0%**…"
2026-04-01T11:22:20Z,temporary_capacity,capacity,0.40,"

Let me think through this carefully. You're describing a separation of concerns that makes a lot of sense:

**This project (`quadra`)** = the ML engine. It builds models, computes PSV, trains predic…"
2026-04-01T12:25:49Z,rate_limit,rate limit,1.00,"All 4 benchmark runs launched:

| Run ID | Dataset | Expert | Sample Size |
|--------|---------|--------|-------------|
| 117 | FinQA | 31b2ac98... | 50 |
| 118 | LegalBench-RAG | 31890d77... | 50 |
|…"
2026-04-01T12:26:40Z,rate_limit,rate limit,1.00,All 4 benchmark runs are in progress (runs 117-120). Each will process 50 samples with full 4-layer scoring. I'll check progress when the background task completes — should be about 10-15 minutes pe…
2026-04-01T12:28:55Z,rate_limit,rate limit,1.00,"Runs are progressing — looks like they're running sequentially (QASPER is at 20/50, others at 10/50 or 1/50). They share the 5 QPS rate limit to the API server. At this rate, all 4 should complete w…"
2026-04-01T14:39:23Z,temporary_capacity,capacity,0.40,Not yet. The current policy detection only does **keyword matching** against comment text — it finds policy references that residents cite in their objections. It doesn't assess whether any of those…
2026-04-01T14:40:59Z,temporary_capacity,capacity,0.40,"

That's a powerful idea. Rather than just detecting what policies are *mentioned*, assess whether the *claims in the comments* would constitute legal blockers *if true*.

For example:
- Comment says …"
2026-04-07T08:11:10Z,rate_limit,rate limit,1.00,API Error: Request rejected (429) · Rate limited
2026-04-07T17:10:53Z,rate_limit,rate limit,1.00,Progress — we got past HuggingFace (dataset downloaded) and through initial setup. Now we're hitting a 429 rate limit on session creation. The API server has a rate limiter. Let me check:
2026-04-07T17:11:04Z,rate_limit,rate limit,1.00,The 429s come from remote addr `160.79.104.10` which isn't us — that's external traffic hammering the API. Notice how status is 429 but durations are 0.005-0.025ms which is too fast to be our test. …
2026-04-07T17:11:13Z,rate_limit,rate limit,1.00,Rate limit is **per-IP**. So our requests from this machine (192.168.68.108 from the Mac Mini's perspective) have their own bucket separate from the external attacker. Let me verify by doing a direct …
2026-04-07T17:11:25Z,rate_limit,rate limit,1.00,"Direct curl works. So the 429 happened because AMB's runner must be hammering sessions concurrently. Looking at the traceback, it's running `memory.ingest(documents)` which iterates. The rate limit is…"
2026-04-07T17:11:37Z,rate_limit,rate limit,1.00,"100 requests per minute per IP. For PersonaMem 32k, we have ~195 docs and each doc has several turns — we'll easily blow past 100 requests/min from our machine.

For the smoke test (3 queries), we n…"
2026-04-08T08:28:07Z,temporary_capacity,capacity,0.40,"Let me think through this properly before writing code — it's a design question with legal and data-quality implications.

## What the user sees

Each concern paragraph already shows what residents …"
2026-04-08T08:50:32Z,temporary_capacity,capacity,0.40,"End-to-end working. The screenshot shows the **AI Narrative card** below the concern grid containing:

1. **Amber disclaimer banner**: *""Quadra notes are AI-generated analysis written from the Quadra …"
2026-04-08T09:43:33Z,rate_limit,rate limit,1.00,80% (4/5) — turn pairing helps. But ingestion hit the 100/min server rate limit. Let me bump it for benchmarking.
2026-04-08T09:44:56Z,rate_limit,rate limit,1.00,Binary built. Deploying with rate limit bumped via env var.
2026-04-08T09:45:43Z,rate_limit,rate limit,1.00,"Rate limit at 5000/min. Now relaunching the LoComo conv-26 smoke at full size to see real numbers, then full LoComo if it works."
2026-04-08T09:59:21Z,rate_limit,rate limit,1.00,"# AI Regulatory Compliance Review — siteengine_ai

**Scope:** EU AI Act, US (federal + key states), UK. **Date:** 2026-04-08. Based on codebase audit + regulatory research. Anything with material le…"
2026-04-08T12:03:44Z,rate_limit,rate limit,1.00,"# New Pipeline: Automated Web→RAG Orchestrator

Let me think through this properly.

## Architecture

This is a **three-stage orchestration** that doesn't quite fit into any existing project. It's a…"
2026-04-08T16:30:43Z,rate_limit,rate limit,1.00,"# OWASP Security Analysis — siteengine_ai

**Date:** 2026-04-08
**Scope:** Multi-tenant RAG API server, MCP stdio server, library mode
**Frameworks:** OWASP LLM Top 10 (2025), OWASP API Security Top…"
2026-04-08T17:57:29Z,rate_limit,rate limit,1.00,"Done. Here's the complete state:

## ford-prefect — Production Ready

### Repository
- **GitHub**: [SeamusWaldron/ford-prefect](https://github.com/SeamusWaldron/ford-prefect) (private)
- **4 commits…"
2026-04-08T18:09:54Z,rate_limit,rate limit,1.00,"HTTP server timeouts already exist and are reasonable (5 min Write, 120s Idle). That's already good. Now I need to wire in body limit, security headers, and swap rate limiter."
2026-04-08T18:21:01Z,rate_limit,rate limit,1.00,"All 27 OWASP hardening tasks complete. Here's the summary:

## OWASP Hardening Sprint — Delivered

**Plan:** `docs/superpowers/plans/2026-04-08-owasp-hardening.md`
**Thesis:** `docs/thesis/A9_OWASP_…"
2026-04-09T05:25:38Z,rate_limit,rate limit,1.00,"I'll do the simplify review inline (the agent sandbox ran out of budget) and combine it with the plan check.

## 1. Coverage Summary

**The ""plan""** is the architecture I proposed in response to your …"
2026-04-09T05:26:33Z,rate_limit,rate limit,1.00,API Error: Rate limit reached
2026-04-09T05:49:57Z,rate_limit,rate limit,1.00,"Everything pushed. Here's the final compliance status:

## Plan Compliance — After Fixes

**Coverage: 33 / 33 plan items complete** (up from 20/33).

| Plan Item | Status |
|-----------|--------|
| …"
2026-04-09T11:14:19Z,temporary_capacity,capacity,0.40,"Both EHDC versions committed and pushed. Here's what you've got:

## Two EHDC examples

| File | Data | Best for |
|---|---|---|
| `docs/ho_return_ehdc_2026_example_brent_scale.xlsx` | **Brent's verba…"
2026-04-09T12:07:08Z,temporary_capacity,overloaded,0.60,Phase 3 agent hit a 529 overloaded error on its first tool call — it never actually started. I'll do Phase 3 inline since I have full context and the work is critical for the end-to-end path. Starti…
2026-04-10T09:52:42Z,rate_limit,rate limit,1.00,API Error: Rate limit reached
2026-04-10T09:52:44Z,rate_limit,rate limit,1.00,API Error: Rate limit reached
2026-04-10T09:52:45Z,rate_limit,rate limit,1.00,API Error: Rate limit reached
2026-04-10T10:03:36Z,rate_limit,rate limit,1.00,The background agent hit a rate limit. I'll write both files directly.
2026-04-10T15:52:27Z,temporary_capacity,overloaded,0.60,"The fix is **multi-pass extraction** — two short, focused prompts instead of one overloaded prompt. Each gets the LLM's full instruction-following attention on one dimension.

- **Pass 1 (temporal/n…"
2026-04-10T15:52:40Z,temporary_capacity,overloaded,0.60,Now I'll replace the single overloaded prompt with two focused prompts and update `ExtractFacts` to run both passes.
2026-04-10T16:44:44Z,rate_limit,rate limit,1.00,"

Next question:

**Rate limiting strategy — how polite should we be?**

The research confirmed no CAPTCHA or explicit rate limits on IDOX portals, but we want to behave like a human browsing, not a…"
2026-04-10T17:11:47Z,rate_limit,rate limit,1.00,"

That covers all the design questions. Let me now present the full design — I'll go section by section.

## Design Section 1: Architecture

**`cmd/quadra-scraper/`** — a standalone Go CLI binary …"
2026-04-10T17:41:52Z,rate_limit,rate limit,1.00,"

## Design Section 4: Database writes and LLM integration

**Bronze writes** — raw preservation. For each scraped application:

```go
// {council}_bronze.applications — store raw HTML or JSON sna…"
2026-04-10T17:57:42Z,rate_limit,rate limit,1.00,"

## Design Section 5: CLI interface and configuration

**Binary: `cmd/quadra-scraper`**

```bash
# Daily incremental run — scrape apps validated in last 28 days, refresh comments on active apps
qua…"
2026-04-10T18:07:24Z,rate_limit,rate limit,1.00,"

That covers the full design. Let me summarise it in one place, then write the spec document.

## Full Design Summary

**What:** A standalone Go CLI (`cmd/quadra-scraper`) that scrapes IDOX Public Ac…"
2026-04-10T18:24:36Z,rate_limit,rate limit,1.00,"**Spec coverage check:**

| Spec requirement | Task covering it |
|---|---|
| Standalone CLI with cobra | Task 3.1 |
| Generic IDOX HTTP client (pkg/idox) | Tasks 1.1-1.5 |
| Date-range search + pagin…"
2026-04-10T23:00:27Z,rate_limit,rate limit,1.00,"Excellent — it's working! The scraper is:
- Successfully searching the Durham portal with CSRF authentication
- Paginating through results (10 per page, 290+ found so far)
- Handling rate limit retr…"
2026-04-10T23:16:52Z,rate_limit,rate limit,1.00,"All 6 phases complete. Here's the summary:

## Implementation Complete

**20 commits** across 6 phases:

| Phase | What was built | Status |
|-------|---------------|--------|
| 1 | `pkg/idox/` — 5 …"
2026-04-11T08:33:59Z,temporary_capacity,capacity,0.40,"This is very valuable. For DM/26/00565/FPA, the consultee comments are:

| Consultee | Topic |
|---|---|
| LLFA (Lead Local Flood Authority) | Surface water management |
| Education | School capacity …"
2026-04-11T13:57:01Z,rate_limit,rate limit,1.00,"Now I have all the code. Let me audit against both plans.

## 1. Coverage Summary

Auditing against the two plans:
- `docs/superpowers/plans/2026-04-10-idox-scraper-implementation.md` (original scrape…"
2026-04-11T14:26:44Z,rate_limit,rate limit,1.00,"It's processing — getting 5xx retries from the portal occasionally (rate limiting us). With 73 apps and 2s delay + retries, this will take a while. Let me let it run and check later:"
2026-04-11T22:40:53Z,rate_limit,rate limit,1.00,"Here's the full picture:

## Current Automated Scraping Configuration

**Schedule:** Daily at 06:00 UTC via supercronic in the `quadra_scraper` Docker container.

**Command:** `quadra-scraper run --co…"
2026-04-12T07:56:59Z,rate_limit,rate limit,1.00,"Test plan written and pushed as `fea56aa`. Key findings from reading the AMB source:

- **MemSim** is MCQ (letter-match, no LLM judge), **Chinese-language**, 6 separate splits, no isolation unit (shar…"
2026-04-13T03:45:27Z,rate_limit,too many requests,0.90,The OpenAI quota is exhausted again (429 Too Many Requests). The LifeBench full run that completed earlier consumed the remaining quota. The `slog.Warn` upgrade we deployed is now correctly surfacing …
2026-04-15T07:33:32Z,rate_limit,too many requests,0.90,"Test rows cleaned. Stopping the chain here — this is genuinely a ""needs Seamus"" decision point, not something the doer or orchestrator can resolve.

## Current state

Two real bugs caught and fixed …"
2026-04-15T12:13:11Z,rate_limit,rate limit,1.00,"Nothing is running right now. Let me break down what happened:

**Current state:**
- BEAM v12 **completed** at 60.7% (that result is saved)
- No process currently running
- No OpenAI 429 errors in the…"
2026-04-15T14:05:10Z,hard_limit,usage limit,1.00,Claude usage limit reached. You have reached your maximum usage for this period. Please come back later or try again tomorrow.
2026-04-16T11:25:21Z,temporary_capacity,overloaded,0.60,"Here's what I've worked through:

**The core problem**: the centre score was overloaded — collapse, toggle labels, and select all competed for the same click, with different behaviour on root vs chi…"
2026-04-16T21:23:15Z,rate_limit,too many requests,0.90,"You're right to be angry. I got this wrong and I need to own it cleanly.

**What I told you vs. what's true:**

I read `siteengine-ai-api` logs showing 130K-token extractor errors at 17:14 and 17:39 U…"
2026-04-17T05:41:14Z,rate_limit,rate limit,1.00,"Found the pattern. Not this machine. Let me pin the exact culprit on Mac Mini.

**Key metrics (overnight 2026-04-17):**
- 4,649 gpt-4o-mini requests on the NEW key
- 123M input tokens = **~26K tokens …"
2026-04-17T09:30:27Z,rate_limit,rate limit,1.00,"Both agents done. Let me synthesise.

---

## Preston City Council — Scraper Design

### Portal Summary

Preston is **not IDOX**. It's a custom ASP.NET WebForms application at `selfservice.preston.g…"
2026-04-17T12:37:36Z,rate_limit,rate limit,1.00,"You're right — I was thinking in Anthropic-pay-per-token terms. If Claude Code's your subscription and local LLM handles Hydrate's summariser, the benchmark is essentially free. The real constraints…"
2026-04-17T14:47:22Z,rate_limit,rate limit,1.00,"## The pilot application — Pulse, a habit-tracker landing page

Scenario A from `scenarios/a-landing-page.yaml`. Pilot only does this one; if signal is strong we expand to scenarios B and C.

**What…"
2026-04-17T14:49:31Z,rate_limit,rate limit,1.00,"All verified. Dry-run prints the exact routing we wanted:

| Cell | Model | Session | Workspace |
|---|---|---|---|
| 1 | `claude-opus-4-7` baseline | `opus-vanilla` | `~/Documents/Dev/bench/opus-vani…"
2026-04-17T15:19:57Z,rate_limit,rate limit,1.00,"Yes. New architecture = headless subprocesses. Once I fire the runner, it:

- Spawns `claude --print …` for each session directly (no tmux needed)
- Writes tokens + transcripts to `results/…` as i…"
2026-04-17T15:24:26Z,rate_limit,rate limit,1.00,"Rewrite landed in commit **2ad3cb4**.

What changed:
- **`pkg/tmuxdoer` deleted** — pane-scraping gone.
- **`pkg/streamjson`** (new) — `ParseResult` reads one JSON line at a time, returns the firs…"
2026-04-17T18:12:47Z,rate_limit,rate limit,1.00,"That's the experiment that would settle it. Let me cost it and propose a concrete run.

## The hybrid experiment — concrete design

**Setup:**
- Fresh workspace, fresh project scope (new `SESHELL_BE…"
2026-04-18T18:58:22Z,temporary_capacity,capacity,0.40,"# Chapter 5: Food, Drink, and Tradition

The remoteness of Eilean-an-Ròn has preserved a food culture rooted in what the islands produce: shellfish from cold waters, mutton from moorland flocks, dair…"
2026-04-19T07:08:44Z,temporary_capacity,capacity,0.40,"Now I'll write chapter 5, matching the formal gazetteering style and factual detail established in chapters 1–4.

---

# Chapter 5: Food and Drink

The food traditions of Eilean-an-Ròn are insepara…"
2026-04-19T07:10:59Z,rate_limit,rate limit,1.00,"Read the doc and the concerns. All four points are fair — and the fourth one needs a correction from me, we're well past 200 LOC on those binaries. Here's an honest response.

---

## 1. Brownfield …"
2026-04-19T08:14:08Z,temporary_capacity,capacity,0.40,"Sharp read. You're right — ""saved you $0.42 this week"" is a non-event for someone on Pro/Max, and ""extra X days of runway"" is a genuine KPI the user feels every Friday afternoon when the weekly cap …"
2026-04-20T07:36:32Z,temporary_capacity,capacity,0.40,"# Chapter 4: Economy and Livelihoods

The economy of Eilean-an-Ròn rests upon three primary sectors—fishing, crofting, and tourism—each shaped by the archipelago's exposure to Atlantic weather an…"
2026-04-20T07:41:09Z,temporary_capacity,capacity,0.40,"# Chapter 9: Sròn an Tuath

The northernmost island of the Eilean-an-Ròn archipelago rises 2.8 kilometres from the Kyle of Lochalsh, presenting a study in maritime severity. With an area of 3.2 squa…"
2026-04-20T07:47:34Z,temporary_capacity,capacity,0.40,"I'll write chapter 6 of the Eilean-an-Ròn gazetteer, focusing on the main island.

---

# Chapter 6: Eilean Mòr — The Heart of the Archipelago

Eilean Mòr, the largest and most southerly island i…"
2026-04-20T07:49:36Z,temporary_capacity,capacity,0.40,"# Chapter 9: Eilean Beinn, the Northern Sentinel

Eilean Beinn, the northernmost island of the Eilean-an-Ròn archipelago, commands 247 hectares of exposed moorland and shattered rock at 58°42′N, a…"
2026-04-20T07:56:28Z,temporary_capacity,capacity,0.40,"# Chapter 6: Eilean Mòr

Eilean Mòr—the Big Island—anchors the southern margin of the Eilean-an-Ròn archipelago, a crescent of basalt and heather stretching eight kilometres from north to south…"
2026-04-20T09:56:40Z,rate_limit,rate limit,1.00,"Yes — structurally it already has everything needed. The monologue layer tracks goals, open questions, and uncertainty; what's missing is a surfacing mechanism. This fits cleanly with the existing w…"
2026-04-20T10:00:10Z,rate_limit,rate limit,1.00,rate_limit_error Rate limit exceeded. Too many requests. Please try again later.
2026-04-20T15:26:22Z,temporary_capacity,capacity,0.40,"Yes — **the Mac Mini is at 100% capacity on the system drive** (1.1 GB free out of 228 GB), and **yes, Docker is stored on the internal drive**. Breakdown:

| Volume | Used | Available | % full |
|-…"
2026-04-20T21:12:55Z,rate_limit,rate limit,1.00,"`hydrate | 55% cap · 1.4d left | sonnet · 5h 5% · siteengine_ai`

**`hydrate`** — brand anchor, confirms the hook fired and the status line is live.

**`55% cap · 1.4d left`** — you've consume…"
2026-04-20T21:50:10Z,rate_limit,rate limit,1.00,"No existing Claude Code container — we'll need to build one. Let me give you the full overview.

---

## Overview: APJ Ltd Enterprise Overnight Swarm Test

### What we're actually testing

That thre…"
2026-04-21T13:55:54Z,temporary_capacity,capacity,0.40,"Now update the homepage hero to include ""Capacity Multiplier"" framing in the tokenmaxxing hook section:"
2026-04-21T13:57:21Z,temporary_capacity,capacity,0.40,"Everything looks sharp and on-brand. All changes are live at `gethydrate.dev`. Here's what was done:

**Enterprise page** (`/enterprise`):
- Eyebrow now reads ""Enterprise · Capacity Multiplier""
- Upd…"
2026-04-21T14:10:25Z,temporary_capacity,capacity,0.40,"The top of the enterprise page looks excellent — ""ENTERPRISE · CAPACITY MULTIPLIER"" eyebrow, updated lead, benchmark stats, and cache callout all correct. Let me scroll down to the calculator."
2026-04-22T08:11:25Z,rate_limit,try again in,0.80,"API Error: 500 The number of tokens to keep from the initial prompt is greater than the context length (n_keep: 70123>= n_ctx: 16384). Try to load the model with a larger context length, or provide a …"
2026-04-23T20:34:10Z,rate_limit,rate limit,1.00,HTTP 429 — rate limited. Let me add retry/backoff and rerun:
2026-04-24T01:15:26Z,rate_limit,rate limit,1.00,"More stale failed tasks from the earlier Python heredoc attempts that hit the 429 rate limit — all superseded by the curl loop that successfully deleted everything. Nothing to action, both databases…"
2026-04-24T07:19:04Z,hard_limit,come back later,0.80,"Good context from the earlier analysis. Let me ask the right question before proposing approaches.

When you say ""active working session"" — which scenario do you have in mind?

**(a)** You're mid-se…"
2026-04-24T10:47:31Z,rate_limit,rate limit,1.00,"Let me give you a practical strategy for this — two distinct tracks, because your ZX Spectrum work is actually your fastest path to karma.

---

## Track 1: AI/Tech Comments (steady drip)

**Best su…"
2026-04-24T17:29:17Z,temporary_capacity,capacity,0.40,"Plan written to `docs/plans/2026-04-24-compliance-plan.md`. Here's the structure:

**Phase 1 — Pre-launch (before April 29):** govulncheck in CI, SHA256 checksums on install.sh, credential logging a…"
2026-04-26T17:16:13Z,rate_limit,rate limit,1.00,"The server has 10 facts live right now. Let me cross-check them against what was created tier by tier:

**Free tier facts created (6):**
- ✓ ""This project uses Go stdlib only, no external dependenci…"
2026-04-26T17:24:28Z,rate_limit,rate limit,1.00,Found it. Not the encryption bug — it's the server returning `400` when OpenAI rate-limits the embedding call at storage time. The server is too strict: it requires an embedding at write time and re…
2026-04-27T08:07:32Z,rate_limit,rate limit,1.00,"That's the test, fully run with real Claude Code sessions and hooks firing. Summary of what was proven:

**Alice's session:** Claude scaffolded the entire `taskapi` — 5 files, 6 endpoints, RFC 7807 …"
2026-04-30T09:29:53Z,rate_limit,rate limit,1.00,"Both pages built successfully. Now the high-level review in chat.

---

Here's what was done and what the honest picture looks like.

**What was created**

Three new files:
- `gethydrate-dev/src/pages…"
2026-04-30T09:37:19Z,rate_limit,rate limit,1.00,"You're right — I conflated them. Let me be precise about what each is.

**hydrate-server** is a local daemon: SQLite, one user, one machine, HTTP on localhost, per-server API key, simple audit log. …"
2026-04-30T09:48:22Z,rate_limit,rate limit,1.00,"Now I have the full picture. Let me give you a clear answer.

---

Here's what actually happened inside alice during the test run.

## The Dreams

Every dream had the same character: **tone=conflictin…"
2026-04-30T15:45:27Z,rate_limit,rate limit,1.00,"Everything is healthy. Here's the summary:

**Scraper status: all green**

- `quadra_scraper` container has been running for 7 days on the Mac Mini
- Scrapes Durham, Brent, and Preston daily at 06:00 …"
2026-05-04T10:51:36Z,hard_limit,usage limit,1.00,You've hit your org's monthly usage limit
2026-05-04T10:51:36Z,hard_limit,usage limit,1.00,You've hit your org's monthly usage limit
2026-05-04T10:51:36Z,hard_limit,usage limit,1.00,You've hit your org's monthly usage limit
2026-05-04T10:51:36Z,hard_limit,usage limit,1.00,You've hit your org's monthly usage limit
2026-05-04T10:51:36Z,hard_limit,usage limit,1.00,You've hit your org's monthly usage limit
2026-05-04T10:51:37Z,hard_limit,usage limit,1.00,You've hit your org's monthly usage limit
2026-05-04T10:51:37Z,hard_limit,usage limit,1.00,You've hit your org's monthly usage limit
2026-05-04T10:51:37Z,hard_limit,usage limit,1.00,You've hit your org's monthly usage limit
2026-05-04T10:51:37Z,hard_limit,usage limit,1.00,You've hit your org's monthly usage limit
2026-05-04T10:51:37Z,hard_limit,usage limit,1.00,You've hit your org's monthly usage limit
2026-05-04T10:51:37Z,hard_limit,usage limit,1.00,You've hit your org's monthly usage limit
2026-05-04T10:51:38Z,hard_limit,usage limit,1.00,You've hit your org's monthly usage limit
2026-05-04T10:51:38Z,hard_limit,usage limit,1.00,You've hit your org's monthly usage limit
2026-05-04T10:51:38Z,hard_limit,usage limit,1.00,You've hit your org's monthly usage limit
2026-05-04T10:51:38Z,hard_limit,usage limit,1.00,You've hit your org's monthly usage limit
2026-05-04T10:51:38Z,hard_limit,usage limit,1.00,You've hit your org's monthly usage limit
2026-05-04T10:51:38Z,hard_limit,usage limit,1.00,You've hit your org's monthly usage limit
2026-05-04T10:51:39Z,hard_limit,usage limit,1.00,You've hit your org's monthly usage limit
2026-05-04T10:51:39Z,hard_limit,usage limit,1.00,You've hit your org's monthly usage limit
2026-05-04T10:51:39Z,hard_limit,usage limit,1.00,You've hit your org's monthly usage limit
2026-05-04T10:51:39Z,hard_limit,usage limit,1.00,You've hit your org's monthly usage limit
2026-05-04T10:51:39Z,hard_limit,usage limit,1.00,You've hit your org's monthly usage limit
2026-05-04T10:51:39Z,hard_limit,usage limit,1.00,You've hit your org's monthly usage limit
2026-05-04T10:51:39Z,hard_limit,usage limit,1.00,You've hit your org's monthly usage limit
2026-05-04T10:51:40Z,hard_limit,usage limit,1.00,You've hit your org's monthly usage limit
2026-05-04T10:51:40Z,hard_limit,usage limit,1.00,You've hit your org's monthly usage limit
2026-05-04T10:51:40Z,hard_limit,usage limit,1.00,You've hit your org's monthly usage limit
2026-05-04T10:51:40Z,hard_limit,usage limit,1.00,You've hit your org's monthly usage limit
2026-05-04T10:51:40Z,hard_limit,usage limit,1.00,You've hit your org's monthly usage limit
2026-05-04T10:51:40Z,hard_limit,usage limit,1.00,You've hit your org's monthly usage limit
2026-05-04T10:51:40Z,hard_limit,usage limit,1.00,You've hit your org's monthly usage limit
2026-05-04T10:51:41Z,hard_limit,usage limit,1.00,You've hit your org's monthly usage limit
2026-05-04T10:51:41Z,hard_limit,usage limit,1.00,You've hit your org's monthly usage limit
2026-05-04T10:51:41Z,hard_limit,usage limit,1.00,You've hit your org's monthly usage limit
2026-05-04T10:51:41Z,hard_limit,usage limit,1.00,You've hit your org's monthly usage limit
2026-05-04T10:51:42Z,hard_limit,usage limit,1.00,You've hit your org's monthly usage limit
2026-05-04T10:51:42Z,hard_limit,usage limit,1.00,You've hit your org's monthly usage limit
2026-05-04T10:51:42Z,hard_limit,usage limit,1.00,You've hit your org's monthly usage limit
2026-05-04T10:51:42Z,hard_limit,usage limit,1.00,You've hit your org's monthly usage limit
2026-05-04T10:51:42Z,hard_limit,usage limit,1.00,You've hit your org's monthly usage limit
2026-05-04T10:51:42Z,hard_limit,usage limit,1.00,You've hit your org's monthly usage limit
2026-05-04T10:51:42Z,hard_limit,usage limit,1.00,You've hit your org's monthly usage limit
2026-05-04T10:51:42Z,hard_limit,usage limit,1.00,You've hit your org's monthly usage limit
2026-05-04T10:51:42Z,hard_limit,usage limit,1.00,You've hit your org's monthly usage limit
2026-05-04T10:51:43Z,hard_limit,usage limit,1.00,You've hit your org's monthly usage limit
2026-05-04T10:51:43Z,hard_limit,usage limit,1.00,You've hit your org's monthly usage limit
2026-05-04T10:51:43Z,hard_limit,usage limit,1.00,You've hit your org's monthly usage limit
2026-05-04T10:51:43Z,hard_limit,usage limit,1.00,You've hit your org's monthly usage limit
2026-05-04T10:51:43Z,hard_limit,usage limit,1.00,You've hit your org's monthly usage limit
2026-05-04T10:51:43Z,hard_limit,usage limit,1.00,You've hit your org's monthly usage limit
2026-05-04T10:51:43Z,hard_limit,usage limit,1.00,You've hit your org's monthly usage limit
2026-05-04T10:51:43Z,hard_limit,usage limit,1.00,You've hit your org's monthly usage limit
2026-05-04T10:51:43Z,hard_limit,usage limit,1.00,You've hit your org's monthly usage limit
2026-05-04T10:51:43Z,hard_limit,usage limit,1.00,You've hit your org's monthly usage limit
2026-05-04T10:51:43Z,hard_limit,usage limit,1.00,You've hit your org's monthly usage limit
2026-05-04T10:51:43Z,hard_limit,usage limit,1.00,You've hit your org's monthly usage limit
2026-05-04T10:51:43Z,hard_limit,usage limit,1.00,You've hit your org's monthly usage limit
2026-05-04T10:51:43Z,hard_limit,usage limit,1.00,You've hit your org's monthly usage limit
2026-05-04T10:51:44Z,hard_limit,usage limit,1.00,You've hit your org's monthly usage limit
2026-05-04T10:51:44Z,hard_limit,usage limit,1.00,You've hit your org's monthly usage limit
2026-05-04T10:51:44Z,hard_limit,usage limit,1.00,You've hit your org's monthly usage limit
2026-05-04T10:51:44Z,hard_limit,usage limit,1.00,You've hit your org's monthly usage limit
2026-05-04T10:51:44Z,hard_limit,usage limit,1.00,You've hit your org's monthly usage limit
2026-05-04T10:51:44Z,hard_limit,usage limit,1.00,You've hit your org's monthly usage limit
2026-05-04T10:51:44Z,hard_limit,usage limit,1.00,You've hit your org's monthly usage limit
2026-05-04T10:51:45Z,hard_limit,usage limit,1.00,You've hit your org's monthly usage limit
2026-05-04T10:51:45Z,hard_limit,usage limit,1.00,You've hit your org's monthly usage limit
2026-05-04T10:51:45Z,hard_limit,usage limit,1.00,You've hit your org's monthly usage limit
2026-05-04T10:51:45Z,hard_limit,usage limit,1.00,You've hit your org's monthly usage limit
2026-05-04T10:51:45Z,hard_limit,usage limit,1.00,You've hit your org's monthly usage limit
2026-05-04T10:51:45Z,hard_limit,usage limit,1.00,You've hit your org's monthly usage limit
2026-05-04T10:51:45Z,hard_limit,usage limit,1.00,You've hit your org's monthly usage limit
2026-05-04T10:51:45Z,hard_limit,usage limit,1.00,You've hit your org's monthly usage limit
2026-05-04T11:27:58Z,hard_limit,usage limit,1.00,You've hit your org's monthly usage limit
2026-05-04T11:28:16Z,hard_limit,usage limit,1.00,You've hit your org's monthly usage limit
2026-05-04T18:05:07Z,temporary_capacity,overloaded,0.60,"```json
{
  ""headline"": ""Repeated attempts to use hydrate-distill command revealed a memory system overloaded with redundant recordings of the same systematic investigation preference, creating 345 in…"
